time_s,azimuth_target,azimuth_true,azimuth_enc,azimuth_ahrs,azimuth_fused,azimuth_c_enc,azimuth_c_ahrs,azimuth_err_enc,azimuth_err_ahrs,azimuth_err_fused,elevation_target,elevation_true,elevation_enc,elevation_ahrs,elevation_fused,elevation_c_enc,elevation_c_ahrs,elevation_err_enc,elevation_err_ahrs,elevation_err_fused,polarization_target,polarization_true,polarization_enc,polarization_ahrs,polarization_fused,polarization_c_enc,polarization_c_ahrs,polarization_err_enc,polarization_err_ahrs,polarization_err_fused,theta_true_deg,theta_enc_deg,theta_ahrs_deg,theta_fused_deg,conf_enc,conf_ahrs,error_enc_deg,error_ahrs_deg,error_fused_deg
1.020000,90.000000,0.199248,15.559505,0.784092,1.472287,0.046689,0.953311,15.360256,0.584843,1.273039,45.000000,0.199254,0.190290,0.005330,0.073938,0.370933,0.629067,-0.008964,-0.193924,-0.125316,45.000000,0.199246,0.788849,0.168664,0.393108,0.361899,0.638101,0.589604,-0.030582,0.193862,0.199248,15.559505,0.784092,1.472287,0.046689,0.953311,15.360256,0.584843,1.273039
1.040000,90.000000,0.209194,12.584098,1.453063,1.969421,0.046452,0.953548,12.374904,1.243869,1.760227,45.000000,0.209200,0.191779,-0.394858,-0.175971,0.373122,0.626878,-0.017421,-0.604058,-0.385171,45.000000,0.209191,1.453308,-0.261141,0.376210,0.371755,0.628245,1.244116,-0.470332,0.167018,0.209194,12.584098,1.453063,1.969421,0.046452,0.953548,12.374904,1.243869,1.760227
1.060000,90.000000,0.219353,12.278995,1.291713,1.796908,0.046041,0.953959,12.059642,1.072360,1.577555,45.000000,0.219359,0.186667,0.167984,0.174841,0.367042,0.632958,-0.032693,-0.051376,-0.044518,45.000000,0.219350,0.387844,-0.234537,-0.002081,0.373495,0.626505,0.168494,-0.453887,-0.221431,0.219353,12.278995,1.291713,1.796908,0.046041,0.953959,12.059642,1.072360,1.577555
1.080000,90.000000,0.229726,10.510180,0.616641,1.058986,0.044759,0.955241,10.280454,0.386915,0.829260,45.000000,0.229733,0.024655,0.279061,0.185487,0.367815,0.632185,-0.205078,0.049328,-0.044246,45.000000,0.229723,0.067115,0.534552,0.361108,0.371055,0.628945,-0.162608,0.304830,0.131385,0.229726,10.510180,0.616641,1.058986,0.044759,0.955241,10.280454,0.386915,0.829260
1.100000,90.000000,0.240315,10.662540,1.818137,2.208664,0.044193,0.955807,10.422224,1.577822,1.968348,45.000000,0.240323,0.268865,0.154752,0.196589,0.366626,0.633374,0.028543,-0.085570,-0.043734,45.000000,0.240312,0.100506,0.001781,0.038319,0.370099,0.629901,-0.139806,-0.238530,-0.201992,0.240315,10.662540,1.818137,2.208664,0.044193,0.955807,10.422224,1.577822,1.968348
1.120000,90.000000,0.251122,11.486612,0.624935,1.092263,0.043082,0.956918,11.235489,0.373813,0.841141,45.000000,0.251131,-0.141328,-0.058723,-0.089922,0.377686,0.622314,-0.392459,-0.309854,-0.341053,45.000000,0.251118,0.181109,0.322557,0.271170,0.363292,0.636708,-0.070010,0.071439,0.020052,0.251122,11.486612,0.624935,1.092263,0.043082,0.956918,11.235489,0.373813,0.841141
1.140000,90.000000,0.262150,12.049427,-0.096284,0.410287,0.041776,0.958224,11.787277,-0.358434,0.148137,45.000000,0.262159,0.820018,0.159313,0.409071,0.378018,0.621982,0.557859,-0.102846,0.146912,45.000000,0.262146,-0.163320,0.565107,0.294674,0.371257,0.628743,-0.425466,0.302961,0.032528,0.262150,12.049427,-0.096284,0.410287,0.041776,0.958224,11.787277,-0.358434,0.148137
1.160000,90.000000,0.273401,12.825073,0.630914,1.126112,0.040677,0.959323,12.551672,0.357513,0.852711,45.000000,0.273411,0.286997,0.358101,0.331172,0.378734,0.621266,0.013587,0.084690,0.057761,45.000000,0.273396,0.496673,0.264100,0.351496,0.375777,0.624223,0.223277,-0.009296,0.078099,0.273401,12.825073,0.630914,1.126112,0.040677,0.959323,12.551672,0.357513,0.852711
1.180000,90.000000,0.284878,15.189341,0.362156,0.948142,0.039619,0.960381,14.904463,0.077278,0.663264,45.000000,0.284888,0.089390,0.290994,0.215592,0.374010,0.625990,-0.195499,0.006106,-0.069296,45.000000,0.284873,-0.456506,0.859852,0.382631,0.362533,0.637467,-0.741379,0.574979,0.097758,0.284878,15.189341,0.362156,0.948142,0.039619,0.960381,14.904463,0.077278,0.663264
1.200000,90.000000,0.296584,15.252913,1.092408,1.636193,0.038488,0.961512,14.956329,0.795823,1.339609,45.000000,0.296596,1.351228,0.460800,0.792129,0.372101,0.627899,1.054633,0.164204,0.495533,45.000000,0.296579,-0.413782,0.309898,0.054471,0.352957,0.647043,-0.710361,0.013319,-0.242108,0.296584,15.252913,1.092408,1.636193,0.038488,0.961512,14.956329,0.795823,1.339609
1.220000,90.000000,0.308523,11.937251,1.318458,1.710041,0.036924,0.963076,11.628728,1.009935,1.401518,45.000000,0.308535,0.935730,0.352930,0.561954,0.358656,0.641344,0.627194,0.044395,0.253419,45.000000,0.308518,0.400609,0.135234,0.229134,0.353838,0.646162,0.092091,-0.173283,-0.079384,0.308523,11.937251,1.318458,1.710041,0.036924,0.963076,11.628728,1.009935,1.401518
1.240000,90.000000,0.320699,13.963958,-0.371812,0.146055,0.036209,0.963791,13.643260,-0.692510,-0.174643,45.000000,0.320712,-0.186515,0.514263,0.258016,0.365661,0.634339,-0.507226,0.193552,-0.062695,45.000000,0.320692,0.431027,0.516929,0.487004,0.348366,0.651634,0.110335,0.196236,0.166311,0.320699,13.963958,-0.371812,0.146055,0.036209,0.963791,13.643260,-0.692510,-0.174643
1.260000,90.000000,0.333113,11.429706,-1.115799,-0.664344,0.036050,0.963950,11.096592,-1.448912,-0.997458,45.000000,0.333128,-0.098777,0.588681,0.338786,0.363506,0.636494,-0.431905,0.255553,0.005659,45.000000,0.333107,0.179981,0.749815,0.552993,0.345402,0.654598,-0.153126,0.416709,0.219887,0.333113,11.429706,-1.115799,-0.664344,0.036050,0.963950,11.096592,-1.448912,-0.997458
1.280000,90.000000,0.345772,13.817040,0.896608,1.349297,0.035103,0.964897,13.471268,0.550836,1.003525,45.000000,0.345787,-0.109517,0.451025,0.245862,0.366009,0.633991,-0.455304,0.105238,-0.099925,45.000000,0.345765,0.462713,0.134842,0.250359,0.352324,0.647676,0.116949,-0.210923,-0.095406,0.345772,13.817040,0.896608,1.349297,0.035103,0.964897,13.471268,0.550836,1.003525
1.300000,90.000000,0.358678,12.594224,-0.606953,-0.150664,0.034633,0.965367,12.235546,-0.965630,-0.509341,45.000000,0.358694,0.789349,0.213341,0.422418,0.362975,0.637025,0.430655,-0.145353,0.063724,45.000000,0.358670,1.014553,0.587375,0.736979,0.350215,0.649785,0.655883,0.228705,0.378309,0.358678,12.594224,-0.606953,-0.150664,0.034633,0.965367,12.235546,-0.965630,-0.509341
1.320000,90.000000,0.371834,14.287862,-0.101492,0.383540,0.033788,0.966212,13.916028,-0.473326,0.011705,45.000000,0.371852,0.474290,-0.035446,0.152503,0.368719,0.631281,0.102438,-0.407298,-0.219349,45.000000,0.371826,1.053211,0.230576,0.518113,0.349532,0.650468,0.681385,-0.141250,0.146287,0.371834,14.287862,-0.101492,0.383540,0.033788,0.966212,13.916028,-0.473326,0.011705
1.340000,90.000000,0.385246,14.417142,1.266836,1.701967,0.033155,0.966845,14.031896,0.881590,1.316721,45.000000,0.385265,0.288239,0.522024,0.436863,0.364271,0.635729,-0.097026,0.136758,0.051597,45.000000,0.385237,-0.299952,0.919885,0.497228,0.346487,0.653513,-0.685190,0.534647,0.111991,0.385246,14.417142,1.266836,1.701967,0.033155,0.966845,14.031896,0.881590,1.316721
1.360000,90.000000,0.398917,12.782583,0.561961,0.952463,0.032009,0.967991,12.383665,0.163043,0.553545,45.000000,0.398938,1.245137,0.743137,0.921408,0.355122,0.644878,0.846200,0.344199,0.522471,45.000000,0.398908,-0.002058,0.523701,0.343172,0.343368,0.656632,-0.400966,0.124793,-0.055736,0.398917,12.782583,0.561961,0.952463,0.032009,0.967991,12.383665,0.163043,0.553545
1.380000,90.000000,0.412852,12.773971,0.053695,0.452165,0.031384,0.968616,12.361119,-0.359157,0.039313,45.000000,0.412874,-0.653280,0.328826,-0.022604,0.357833,0.642167,-1.066154,-0.084047,-0.435477,45.000000,0.412841,0.899892,-0.193167,0.205017,0.364285,0.635715,0.487051,-0.606008,-0.207824,0.412852,12.773971,0.053695,0.452165,0.031384,0.968616,12.361119,-0.359157,0.039313
1.400000,90.000000,0.427053,13.183393,1.279730,1.644881,0.030726,0.969274,12.756340,0.852677,1.217828,45.000000,0.427077,0.263679,0.295060,0.283839,0.357577,0.642423,-0.163397,-0.132016,-0.143237,45.000000,0.427042,0.015394,0.941209,0.600393,0.368126,0.631874,-0.411648,0.514167,0.173351,0.427053,13.183393,1.279730,1.644881,0.030726,0.969274,12.756340,0.852677,1.217828
1.420000,90.000000,0.441526,14.112569,0.303240,0.719358,0.030200,0.969800,13.671043,-0.138286,0.277832,45.000000,0.441551,1.284318,0.885162,1.026941,0.355199,0.644801,0.842767,0.443611,0.585390,45.000000,0.441514,-0.360884,0.296737,0.050299,0.374743,0.625257,-0.802397,-0.144776,-0.391215,0.441526,14.112569,0.303240,0.719358,0.030200,0.969800,13.671043,-0.138286,0.277832
1.440000,90.000000,0.456274,12.385729,0.459072,0.812824,0.029710,0.970290,11.929455,0.002798,0.356551,45.000000,0.456301,-0.012478,0.228423,0.142640,0.356093,0.643907,-0.468779,-0.227878,-0.313661,45.000000,0.456261,0.632695,0.491193,0.543933,0.372716,0.627284,0.176434,0.034932,0.087672,0.456274,12.385729,0.459072,0.812824,0.029710,0.970290,11.929455,0.002798,0.356551
1.460000,90.000000,0.471301,12.160797,-0.106390,0.254419,0.029464,0.970536,11.689496,-0.577692,-0.216882,45.000000,0.471331,0.137002,0.410940,0.310468,0.366769,0.633231,-0.334329,-0.060391,-0.160863,45.000000,0.471287,-0.282560,0.672134,0.330359,0.357995,0.642005,-0.753847,0.200847,-0.140928,0.471301,12.160797,-0.106390,0.254419,0.029464,0.970536,11.689496,-0.577692,-0.216882
1.480000,90.000000,0.486612,14.584139,2.341222,2.707172,0.029943,0.970057,14.097527,1.854610,2.220560,45.000000,0.486644,-0.170645,0.550992,0.285881,0.367376,0.632624,-0.657290,0.064348,-0.200764,45.000000,0.486597,0.797331,0.657492,0.708486,0.364662,0.635338,0.310734,0.170895,0.221889,0.486612,14.584139,2.341222,2.707172,0.029943,0.970057,14.097527,1.854610,2.220560
1.500000,90.000000,0.502211,11.776915,0.074595,0.423315,0.029847,0.970153,11.274704,-0.427616,-0.078897,45.000000,0.502246,0.621937,0.832912,0.753903,0.374495,0.625505,0.119691,0.330666,0.251657,45.000000,0.502195,0.801199,1.205020,1.057729,0.364743,0.635257,0.299004,0.702825,0.555534,0.502211,11.776915,0.074595,0.423315,0.029847,0.970153,11.274704,-0.427616,-0.078897
1.520000,90.000000,0.518102,11.769679,0.243303,0.587619,0.029918,0.970082,11.251577,-0.274800,0.069517,45.000000,0.518139,-0.302899,-0.090553,-0.169828,0.373328,0.626672,-0.821039,-0.608693,-0.687967,45.000000,0.518085,1.414500,0.588576,0.898806,0.375616,0.624384,0.896415,0.070492,0.380722,0.518102,11.769679,0.243303,0.587619,0.029918,0.970082,11.251577,-0.274800,0.069517
1.540000,90.000000,0.534289,11.274252,1.965970,2.248489,0.030382,0.969618,10.739963,1.431680,1.714200,45.000000,0.534329,0.268988,0.499577,0.414576,0.368624,0.631376,-0.265341,-0.034753,-0.119753,45.000000,0.534270,0.809415,0.733398,0.761585,0.370788,0.629212,0.275145,0.199128,0.227314,0.534289,11.274252,1.965970,2.248489,0.030382,0.969618,10.739963,1.431680,1.714200
1.560000,90.000000,0.550776,13.834339,1.441352,1.820624,0.030658,0.969342,13.283563,0.890576,1.269848,45.000000,0.550819,0.639036,0.401635,0.490632,0.374881,0.625119,0.088217,-0.149184,-0.060187,45.000000,0.550756,0.316888,0.798943,0.620485,0.370203,0.629797,-0.233868,0.248187,0.069729,0.550776,13.834339,1.441352,1.820624,0.030658,0.969342,13.283563,0.890576,1.269848
1.580000,90.000000,0.567568,14.301563,1.314992,1.719427,0.031203,0.968797,13.733996,0.747424,1.151860,45.000000,0.567614,1.266562,0.878053,1.022295,0.371271,0.628729,0.698948,0.310439,0.454681,45.000000,0.567546,0.399563,0.830733,0.674051,0.363389,0.636611,-0.167982,0.263187,0.106505,0.567568,14.301563,1.314992,1.719427,0.031203,0.968797,13.733996,0.747424,1.151860
1.600000,90.000000,0.584667,13.007653,-0.689369,-0.246653,0.032392,0.967608,12.422986,-1.274037,-0.831320,45.000000,0.584717,0.151636,0.712861,0.504254,0.371699,0.628301,-0.433082,0.128144,-0.080463,45.000000,0.584644,0.617365,1.343231,1.085003,0.355752,0.644248,0.032721,0.758588,0.500359,0.584667,13.007653,-0.689369,-0.246653,0.032392,0.967608,12.422986,-1.274037,-0.831320
1.620000,90.000000,0.602079,15.310966,0.678386,1.147174,0.032116,0.967884,14.708887,0.076306,0.545094,45.000000,0.602133,0.678456,0.239512,0.402550,0.371433,0.628567,0.076322,-0.362622,-0.199584,45.000000,0.602054,0.768753,0.232856,0.430621,0.369037,0.630963,0.166699,-0.369198,-0.171432,0.602079,15.310966,0.678386,1.147174,0.032116,0.967884,14.708887,0.076306,0.545094
1.640000,90.000000,0.619808,15.126945,0.539599,1.004914,0.031977,0.968023,14.507137,-0.080209,0.385106,45.000000,0.619866,0.444649,0.607667,0.547391,0.369748,0.630252,-0.175216,-0.012199,-0.072474,45.000000,0.619780,0.305833,0.487652,0.421734,0.362544,0.637456,-0.313948,-0.132128,-0.198046,0.619808,15.126945,0.539599,1.004914,0.031977,0.968023,14.507137,-0.080209,0.385106
1.660000,90.000000,0.637857,17.631904,-0.241525,0.320353,0.031552,0.968448,16.994047,-0.879383,-0.317505,45.000000,0.637920,0.768399,0.396814,0.536574,0.376119,0.623881,0.130480,-0.241106,-0.101345,45.000000,0.637828,0.261528,1.424760,1.018430,0.349312,0.650688,-0.376300,0.786933,0.380603,0.637857,17.631904,-0.241525,0.320353,0.031552,0.968448,16.994047,-0.879383,-0.317505
1.680000,90.000000,0.656231,12.755374,0.412904,0.790549,0.030651,0.969349,12.099143,-0.243327,0.134318,45.000000,0.656298,0.930358,0.500850,0.657823,0.365471,0.634529,0.274060,-0.155448,0.001525,45.000000,0.656199,0.636379,0.825923,0.760791,0.343626,0.656374,-0.019820,0.169724,0.104592,0.656231,12.755374,0.412904,0.790549,0.030651,0.969349,12.099143,-0.243327,0.134318
1.700000,90.000000,0.674934,16.176098,-0.028304,0.465956,0.030594,0.969406,15.501164,-0.703238,-0.208978,45.000000,0.675006,-0.399661,0.676100,0.274396,0.373415,0.626585,-1.074666,0.001094,-0.400610,45.000000,0.674899,0.961030,0.439164,0.623245,0.352736,0.647264,0.286130,-0.235735,-0.051654,0.674934,16.176098,-0.028304,0.465956,0.030594,0.969406,15.501164,-0.703238,-0.208978
1.720000,90.000000,0.693969,11.411085,0.958035,1.275587,0.030417,0.969583,10.717116,0.264066,0.581618,45.000000,0.694046,0.397973,0.754265,0.621846,0.371661,0.628339,-0.296073,0.060219,-0.072200,45.000000,0.693932,0.763525,0.436459,0.552307,0.354203,0.645797,0.069593,-0.257473,-0.141625,0.693969,11.411085,0.958035,1.275587,0.030417,0.969583,10.717116,0.264066,0.581618
1.740000,90.000000,0.713340,15.686265,1.653098,2.081590,0.030604,0.969396,14.972925,0.939757,1.368249,45.000000,0.713423,0.143635,0.646368,0.464461,0.361837,0.638163,-0.569788,-0.067055,-0.248962,45.000000,0.713301,1.153239,0.666660,0.843062,0.362535,0.637465,0.439938,-0.046640,0.129761,0.713340,15.686265,1.653098,2.081590,0.030604,0.969396,14.972925,0.939757,1.368249
1.760000,90.000000,0.733053,13.936235,-0.183262,0.248665,0.030661,0.969339,13.203183,-0.916315,-0.484388,45.000000,0.733142,0.512481,0.420867,0.454765,0.370002,0.629998,-0.220661,-0.312275,-0.278377,45.000000,0.733010,1.115697,0.534853,0.748665,0.368106,0.631894,0.382687,-0.198157,0.015655,0.733053,13.936235,-0.183262,0.248665,0.030661,0.969339,13.203183,-0.916315,-0.484388
1.780000,90.000000,0.753110,17.615170,1.838824,2.320262,0.030604,0.969396,16.862061,1.085714,1.567152,45.000000,0.753205,0.129982,0.313938,0.246857,0.364659,0.635341,-0.623223,-0.439267,-0.506348,45.000000,0.753064,1.016354,0.620242,0.768974,0.375481,0.624519,0.263290,-0.132822,0.015910,0.753110,17.615170,1.838824,2.320262,0.030604,0.969396,16.862061,1.085714,1.567152
1.800000,90.000000,0.773515,13.861944,-0.854623,-0.400980,0.030903,0.969097,13.088429,-1.628138,-1.174495,45.000000,0.773617,1.215041,1.019589,1.090624,0.363440,0.636560,0.441424,0.245972,0.317007,45.000000,0.773466,0.370407,1.305480,0.965481,0.363608,0.636392,-0.403059,0.532014,0.192015,0.773515,13.861944,-0.854623,-0.400980,0.030903,0.969097,13.088429,-1.628138,-1.174495
1.820000,90.000000,0.794273,14.302603,1.602739,1.996017,0.031025,0.968975,13.508330,0.808466,1.201744,45.000000,0.794382,0.593995,0.437671,0.494520,0.363657,0.636343,-0.200387,-0.356711,-0.299863,45.000000,0.794220,1.226596,0.687515,0.882960,0.362552,0.637448,0.432376,-0.106706,0.088740,0.794273,14.302603,1.602739,1.996017,0.031025,0.968975,13.508330,0.808466,1.201744
1.840000,90.000000,0.815387,17.328227,0.762319,1.260304,0.030157,0.969843,16.512841,-0.053068,0.444918,45.000000,0.815504,0.987843,0.498536,0.679148,0.369117,0.630883,0.172339,-0.316968,-0.136356,45.000000,0.815330,0.632293,0.851003,0.772294,0.359880,0.640120,-0.183037,0.035672,-0.043037,0.815387,17.328227,0.762319,1.260304,0.030157,0.969843,16.512841,-0.053068,0.444918
1.860000,90.000000,0.836861,16.429084,-0.575595,-0.068290,0.029933,0.970067,15.592224,-1.412456,-0.905151,45.000000,0.836986,0.228729,0.896495,0.646310,0.374660,0.625340,-0.608258,0.059509,-0.190676,45.000000,0.836800,1.633394,0.768861,1.083875,0.364376,0.635624,0.796594,-0.067940,0.247075,0.836861,16.429084,-0.575595,-0.068290,0.029933,0.970067,15.592224,-1.412456,-0.905151
1.880000,90.000000,0.858699,13.510095,1.296299,1.657044,0.029587,0.970413,12.651397,0.437600,0.798346,45.000000,0.858833,1.962477,1.395153,1.608163,0.375465,0.624535,1.103644,0.536320,0.749330,45.000000,0.858634,0.839463,1.187238,1.061631,0.361174,0.638826,-0.019171,0.328604,0.202997,0.858699,13.510095,1.296299,1.657044,0.029587,0.970413,12.651397,0.437600,0.798346
1.900000,90.000000,0.880904,16.076757,0.680961,1.129277,0.029200,0.970800,15.195853,-0.199943,0.248373,45.000000,0.881048,0.647991,1.196389,0.993924,0.369194,0.630806,-0.233057,0.315341,0.112876,45.000000,0.880835,1.031596,0.803189,0.885939,0.362290,0.637710,0.150761,-0.077646,0.005103,0.880904,16.076757,0.680961,1.129277,0.029200,0.970800,15.195853,-0.199943,0.248373
1.920000,90.000000,0.903481,15.194278,-1.587591,-1.083096,0.030160,0.969840,14.290797,-2.491072,-1.986577,45.000000,0.903635,0.557698,1.479730,1.148998,0.358700,0.641300,-0.345937,0.576096,0.245363,45.000000,0.903408,1.465234,0.805713,1.052608,0.374355,0.625645,0.561826,-0.097695,0.149200,0.903481,15.194278,-1.587591,-1.083096,0.030160,0.969840,14.290797,-2.491072,-1.986577
1.940000,90.000000,0.926434,14.633636,0.549628,0.972964,0.030127,0.969873,13.707202,-0.376806,0.046530,45.000000,0.926597,1.291976,1.018352,1.117043,0.360680,0.639320,0.365379,0.091754,0.190445,45.000000,0.926355,1.351099,1.031238,1.151613,0.376335,0.623665,0.424744,0.104883,0.225258,0.926434,14.633636,0.549628,0.972964,0.030127,0.969873,13.707202,-0.376806,0.046530
1.960000,90.000000,0.949765,14.943382,1.920912,2.315214,0.030338,0.969662,13.993617,0.971147,1.365449,45.000000,0.949940,1.044789,1.226364,1.161824,0.355444,0.644556,0.094849,0.276424,0.211884,45.000000,0.949681,1.013846,1.122811,1.081607,0.378138,0.621862,0.064165,0.173130,0.131926,0.949765,14.943382,1.920912,2.315214,0.030338,0.969662,13.993617,0.971147,1.365449
1.980000,90.000000,0.973479,18.682490,1.346872,1.862914,0.029872,0.970128,17.709010,0.373393,0.889435,45.000000,0.973665,0.982273,0.918856,0.941708,0.360353,0.639647,0.008608,-0.054810,-0.031957,45.000000,0.973390,0.955218,1.077132,1.031391,0.375197,0.624803,-0.018172,0.103743,0.058001,0.973479,18.682490,1.346872,1.862914,0.029872,0.970128,17.709010,0.373393,0.889435
2.000000,90.000000,0.997580,11.772196,-1.458822,-1.055402,0.030552,0.969448,10.774616,-2.456402,-2.052982,45.000000,0.997778,0.540653,0.726115,0.659943,0.356798,0.643202,-0.457125,-0.271663,-0.337836,45.000000,0.997484,0.928154,1.207051,1.102401,0.375227,0.624773,-0.069330,0.209567,0.104917,0.997580,11.772196,-1.458822,-1.055402,0.030552,0.969448,10.774616,-2.456402,-2.052982
